<?xml version="1.0" encoding="UTF-8"?>
<beans xmlns="http://www.springframework.org/schema/beans"
	xmlns:xsi="http://www.w3.org/2001/XMLSchema-instance"
	xmlns:context="http://www.springframework.org/schema/context"
	xmlns:p="http://www.springframework.org/schema/p"
	xmlns:tx="http://www.springframework.org/schema/tx"
	xmlns:aop="http://www.springframework.org/schema/aop"
	xmlns:mvc="http://www.springframework.org/schema/mvc"
	xsi:schemaLocation="http://www.springframework.org/schema/mvc http://www.springframework.org/schema/mvc/spring-mvc-4.2.xsd
		http://www.springframework.org/schema/beans http://www.springframework.org/schema/beans/spring-beans.xsd
		http://www.springframework.org/schema/context http://www.springframework.org/schema/context/spring-context-4.2.xsd
		http://www.springframework.org/schema/aop http://www.springframework.org/schema/aop/spring-aop-4.2.xsd
		http://www.springframework.org/schema/tx http://www.springframework.org/schema/tx/spring-tx-4.2.xsd">

	<context:component-scan base-package="com.springbook.view"></context:component-scan>
	<!-- 모든 Controller 클래스가 스캔 범위에 포함되도록 Controller클래스들이 있는 가장 상위 패키지 등록 -->
	
	<!-- 파일 업로드 설정 -->
	<bean id="multipartResolver" class="org.springframework.web.multipart.commons.CommonsMultipartResolver">
	<property name="maxUploadSize" value="100000" />
	</bean>
	
	<!-- 예외 처리 설정 -->
	<bean id="exceptionResolver" class="org.springframework.web.servlet.handler.SimpleMappingExceptionResolver">
		<property name="exceptionMappings">
			<props>
				<prop key="java.lang.ArithmeticException">common/arithmeticError.jsp</prop>
				<prop key="java.lang.NullPointerException">common/nullPointerError.jsp</prop>
			</props>
		</property>
		<property name="defaultErrorView" value="common/error.jsp"/>
	</bean>

<!-- ResourceBundleMessageSource 클래스르 <bean>에 등록할 때, 반드시 id는 messageSource로 입력해야하며 이건 고정된 아이디로 바꾸면 안된다. -->
	<bean id="messageSource" class="org.springframework.context.support.ResourceBundleMessageSource">
		<property name="basenames">
			<list>
				<value>message.messageSource</value><!-- MessageSource에 메시지 파일을 등록할 때 확장자 생략, 마지막 점.을 기준으로
				왼쪽은 무조건 패키지 경로로 처리하고 오른쪽은 파일명으로 처리하여 실제 처리할 때는 여기에 확장자를 추가하여 검색
				en, ko 생략: 어떤 메시지 파일이 적용될 지는 기본 언어 설정과 Locale의 변화에 따라 해당 언어의 메시지 자동으로 선택된다. -->
			</list>
		</property>
	</bean>
	
	<!-- LocaleResolver 등록 -->
	<bean id="localeResolver"
		class="org.springframework.web.servlet.i18n.SessionLocaleResolver">
	</bean>
	
	<!-- LocaleChangeInterceptor 등록 -->
	<mvc:interceptors>
		<bean class="org.springframework.web.servlet.i18n.LocaleChangeInterceptor">
			<property name="paramName" value="lang" />
		</bean>
	</mvc:interceptors>
	
	<mvc:annotation-driven></mvc:annotation-driven>

</beans>
<!-- Maven Dependecies - spraing webmvc - 4.2.4 Release.jar 
org.springframework.web.servlet.handler패키지에 SimpleUrlHandlerMapping이 있음-->
<!-- 기존에 직접 손코딩으로 작성했던 Controller 폴더의 HandlerMapping을 Springframework에서 제공해준다는 것이며
제공하는 클래스파일이 바로 SimpleUrlHandlerMapping -->