<?xml version="1.0" encoding="UTF-8"?>
<beans xmlns="http://www.springframework.org/schema/beans"
	xmlns:xsi="http://www.w3.org/2001/XMLSchema-instance"
	xmlns:context="http://www.springframework.org/schema/context"
	xmlns:tx="http://www.springframework.org/schema/tx"
	xmlns:p="http://www.springframework.org/schema/p"
	xmlns:aop="http://www.springframework.org/schema/aop"
	xmlns:mvc="http://www.springframework.org/schema/mvc"
	xsi:schemaLocation="http://www.springframework.org/schema/mvc http://www.springframework.org/schema/mvc/spring-mvc-4.2.xsd
		http://www.springframework.org/schema/beans http://www.springframework.org/schema/beans/spring-beans.xsd
		http://www.springframework.org/schema/context http://www.springframework.org/schema/context/spring-context-4.2.xsd
		http://www.springframework.org/schema/aop http://www.springframework.org/schema/aop/spring-aop-4.2.xsd
		http://www.springframework.org/schema/tx http://www.springframework.org/schema/tx/spring-tx-4.2.xsd">


<context:component-scan base-package="com.springbook.view"></context:component-scan>

<!-- 파일 업로드 설정 , multipartResolver은 지정된 id임-->
<bean id="multipartResolver" class="org.springframework.web.multipart.commons.CommonsMultipartResolver">
	<property name="maxUploadSize" value="100000" />
	<!-- maxUploadSize 지정안하면 기본값 "-1" 설정됨, -1이란 파일 크기가 무제한임을 의미 (제한 꼭 하기) -->
</bean>

<!-- 어노테이션 기반 예외처리 p.428-->
<!-- 예외처리 관련 어노테이션 사용을 위한 설정 추가 / @ControllerAdvice, @ExceptionHandler-->
<!-- 예외처리 사용한 클래스 com.springbook.view.common.CommonExceptionHandler -->
<!--<mvc:annotation-driven></mvc:annotation-driven>-->

<!-- xml기반 예외처리 -->
<bean id="exceptionResolver" class="org.springframework.web.servlet.handler.SimpleMappingExceptionResolver">
	<property name="exceptionMappings">
		<props>
			<prop key="java.lang.ArithmeticException">
				common/arithmeticError.jsp
			</prop>
			<prop key="java.lang.NullPointerException">
				common/nullPointerError.jsp
			</prop>
		</props>
	</property>
	<property name="defaultErrorView" value="common/error.jsp"></property>
</bean>


<!-- 다국어 설정 -->
<!-- MessageSource 등록 -->
<!-- messageSource은 지정된 id -->
<bean id="messageSource" class="org.springframework.context.support.ResourceBundleMessageSource">
	<property name="basenames">
		<list>
<!-- <value>message.messageSource_en.properties</value> 확장자, 언어정보 생략가능 p.440-->
			<value>message.messageSource</value>
		</list>
	</property>
</bean>
	
<!-- LocaleResolver 등록 p.442 -->
	<bean id="localeResolver" class="org.springframework.web.servlet.i18n.SessionLocaleResolver"/>

<!-- LocaleChangeInterceptor 등록 p.444-->
	<mvc:interceptors>
		<bean class="org.springframework.web.servlet.i18n.LocaleChangeInterceptor">
			<property name="paramName" value="lang" />
		</bean>
	</mvc:interceptors>


<mvc:annotation-driven></mvc:annotation-driven>

</beans>
